<Objects>
  <Object id="Lazy Test Item">
    <Class>Equipment</Class>
    <Item/>
    <SlotType>17</SlotType>
    <Description>One of a kind staff for the server Developers</Description>
    <RateOfFire>3</RateOfFire>
    <Sound>weapon/wand_of_death</Sound>
    <Projectile>
      <ObjectId>Ghost Proj</ObjectId>
      <Speed>100</Speed>
      <MinDamage>350</MinDamage>
      <MaxDamage>500</MaxDamage>
      <LifetimeMS>500</LifetimeMS>
      <Amplitude>0.5</Amplitude>
      <Frequency>2</Frequency>
      <MultiHit/>
    </Projectile>
    <Undead/>
    <BagType>6</BagType>
    <FameBonus>5</FameBonus>
    <NumProjectiles>2</NumProjectiles>
    <ArcGap>0</ArcGap>
    <OldSound>weapon/wand_of_death</OldSound>
  </Object>
	<Object id="Lazy Test Enemy">
		<Group>Demons</Group>
		<Enemy/>
		<Class>Character</Class>
		<Flying/>
		<Quest/>
		<God/>
		<StasisImmune/>
		<HitSound>monster/demons_hit</HitSound>
		<DeathSound>monster/demons_death</DeathSound>
		<MaxHitPoints>5000</MaxHitPoints>
		<Size>100</Size>
		<Defense>20</Defense>
		<XpMult>0.7</XpMult>
		<Projectile id="0">
			<ObjectId>White Bullet</ObjectId>
			<Speed>75</Speed>
			<Damage>60</Damage>
			<Size>60</Size>
			<LifetimeMS>1500</LifetimeMS>
			<ArmorPiercing/>
			<MultiHit/>
		</Projectile>				
		<Projectile id="2">
			<ObjectId>Silver Shield</ObjectId>
			<Speed>42</Speed>
			<Damage>65</Damage>
			<Size>65</Size>
			<LifetimeMS>3000</LifetimeMS>
			<MultiHit/>
			<ConditionEffect duration="4">Weak</ConditionEffect>
		</Projectile>
		<Projectile id="3">
			<ObjectId>White Bullet</ObjectId>
			<Speed>40</Speed>
			<Damage>150</Damage>
			<Size>150</Size>
			<LifetimeMS>4000</LifetimeMS>
			<MultiHit/>		
		</Projectile>
		<Projectile id="4">
			<ObjectId>Silver Shield</ObjectId>
			<Speed>60</Speed>
			<Damage>110</Damage>
			<Size>120</Size>
			<LifetimeMS>3000</LifetimeMS>
			<MultiHit/>
			<ConditionEffect duration="4">Weak</ConditionEffect>
		</Projectile>
	</Object>	
</Objects>